"","gene1","gene2","pValue","oddsRatio","00","01","11","10","pAdj","Event","pair","event_ratio"
"1","KRAS","APC",1.20244116557908e-11,3.93587569934096,2226,77,50,367,3.3818657781912e-10,"Co_Occurence","APC, KRAS","50/444"
"2","MSH6","KMT2D",1.06372211231995e-06,24.0573165904592,2662,30,6,22,2.81573500319988e-05,"Co_Occurence","KMT2D, MSH6","6/52"
"3","KRAS","SMAD4",1.21617925253726e-06,4.07249627703689,2269,34,24,393,3.04044813134315e-05,"Co_Occurence","KRAS, SMAD4","24/427"
"4","BRAF","KRAS",5.21245362821158e-06,0,2227,417,0,76,0.000123452849089222,"Mutually_Exclusive","BRAF, KRAS","0/493"
"5","CDKN2A","HRAS",5.60801659622967e-05,7.32995225318107,2590,31,8,91,0.00126180373415168,"Co_Occurence","CDKN2A, HRAS","8/122"
"6","CTNNB1","TP53",0.000187681918807247,0.261673465838315,1723,941,7,49,0.00402175540301244,"Mutually_Exclusive","CTNNB1, TP53","7/990"
"7","BRAF","TP53",0.000852790138176352,0.377280570782715,1709,935,13,63,0.0174434346445163,"Mutually_Exclusive","BRAF, TP53","13/998"
"8","APC","KMT2D",0.00110142443888894,5.15152736183924,2564,29,7,120,0.0215496085869576,"Co_Occurence","APC, KMT2D","7/149"
"9","SMAD4","CTRC",0.00196162679490079,8.86778138352807,2640,22,4,54,0.0367805024043898,"Co_Occurence","CTRC, SMAD4","4/76"
"10","KMT2D","NF1",0.00220962039938938,8.45808284653904,2645,39,4,32,0.0397731671890089,"Co_Occurence","KMT2D, NF1","4/71"
"11","HRAS","KRAS",0.00264869419394314,0,2264,417,0,39,0.045842784125939,"Mutually_Exclusive","HRAS, KRAS","0/456"
"12","NRAS","KRAS",0.00281878887546558,0,2263,417,0,40,0.046979814591093,"Mutually_Exclusive","KRAS, NRAS","0/457"
"13","APC","TP53",0.00403557748787108,1.71915032942245,1705,888,60,67,0.0632797185624994,"Co_Occurence","APC, TP53","60/955"
"14","PTEN","PIK3CA",0.00407802630736107,2.6672084742658,2392,267,14,47,0.0632797185624994,"Co_Occurence","PIK3CA, PTEN","14/314"
"15","ATP7B","TP53",0.00507403461899102,0.213294920637903,1746,945,3,26,0.0761105192848653,"Mutually_Exclusive","ATP7B, TP53","3/971"
"16","FBXW7","ERBB2",0.00642025256808323,6.13968496376471,2629,57,4,30,0.0931972146979827,"Co_Occurence","ERBB2, FBXW7","4/87"
"17","NRAS","TP53",0.00700952134093867,0.325697576962013,1738,942,6,34,0.0985713938569501,"Mutually_Exclusive","NRAS, TP53","6/976"
"18","TP53","IDH1",0.0077059777825511,0.231319788471102,1748,24,3,945,0.104386830171292,"Mutually_Exclusive","IDH1, TP53","3/969"
"19","ERBB2","KMT2D",0.00788700494627535,5.75222550948533,2627,32,4,57,0.104386830171292,"Co_Occurence","ERBB2, KMT2D","4/89"
"20","ATM","SMAD4",0.00878312893708078,5.551968494641,2627,54,4,35,0.110965532678546,"Co_Occurence","ATM, SMAD4","4/89"
"21","NF1","MSH6",0.00915704988017313,7.93877292508344,2652,25,3,40,0.110965532678546,"Co_Occurence","MSH6, NF1","3/65"
"22","CTRC","GJB2",0.00951682796009329,7.83916689057974,2650,44,3,23,0.110965532678546,"Co_Occurence","CTRC, GJB2","3/67"
"23","TP53","CDKN2A",0.00959744274769421,1.72513807661694,1720,52,47,901,0.110965532678546,"Co_Occurence","CDKN2A, TP53","47/953"
"24","KMT2D","FBXW7",0.00961701283214066,7.76358213869715,2653,31,3,33,0.110965532678546,"Co_Occurence","FBXW7, KMT2D","3/64"
"25","ATM","POLK",0.0101443068400025,7.60514901178268,2652,29,3,36,0.112891651119106,"Co_Occurence","ATM, POLK","3/65"
"26","TP53","HRAS",0.0102856837686296,0.335758150738501,1739,33,6,942,0.112891651119106,"Mutually_Exclusive","HRAS, TP53","6/975"
"27","PIK3CA","GJB2",0.0125161202327266,0,2392,47,0,281,0.134101288207785,"Mutually_Exclusive","GJB2, PIK3CA","0/328"
"28","APC","NF1",0.0135395592714178,3.42281383783512,2556,37,6,121,0.141693062142745,"Co_Occurence","APC, NF1","6/158"
"29","FBXW7","APC",0.0191897941386741,3.62037132517804,2564,122,5,29,0.19625925823644,"Co_Occurence","APC, FBXW7","5/151"
"30","G6PD","KRAS",0.0262921339637916,0,2276,417,0,27,0.262921339637916,"Mutually_Exclusive","G6PD, KRAS","0/444"
"31","CFTR","NF1",0.031083526087506,4.81572138383444,2636,40,3,41,0.304077972595168,"Co_Occurence","CFTR, NF1","3/81"
"32","IDH1","ATP7B",0.0326769350190679,7.88166637783385,2666,27,2,25,0.306980094218363,"Co_Occurence","ATP7B, IDH1","2/52"
"33","APC","ATM",0.032999885623928,3.08249029585517,2559,34,5,122,0.306980094218363,"Co_Occurence","APC, ATM","5/156"
"34","RB1","KRAS",0.0334267213704438,0.160478768870678,2269,416,1,34,0.306980094218363,"Mutually_Exclusive","KRAS, RB1","1/450"
"35","PTEN","CTNNB1",0.0352915236491029,3.51510739168467,2607,52,4,57,0.317623712841927,"Co_Occurence","CTNNB1, PTEN","4/109"
"36","MAP3K1","CTRC",0.0386952308313188,7.14542666881531,2663,24,2,31,0.330295096438309,"Co_Occurence","CTRC, MAP3K1","2/55"
"37","BRCA1","TP53",0.0388933026193504,0.595025938373654,1707,927,21,65,0.330295096438309,"Mutually_Exclusive","BRCA1, TP53","21/992"
"38","APC","MSH6",0.0389014224694008,3.47821419708601,2569,24,4,123,0.330295096438309,"Co_Occurence","APC, MSH6","4/147"
"39","KMT2D","IDH1",0.0486016323789463,6.24555945746841,2659,25,2,34,0.405013603157886,"Co_Occurence","IDH1, KMT2D","2/59"
"40","ERCC2","KRAS",0.0542001730320797,0.259517813035926,2261,415,2,42,0.43669601419408,"Mutually_Exclusive","ERCC2, KRAS","2/457"
"41","TP53","CFTR",0.0543443928774854,0.475786705231592,1737,35,9,939,0.43669601419408,"Mutually_Exclusive","CFTR, TP53","9/974"
"42","APC","PTEN",0.062549199620052,2.28725795263737,2538,55,6,121,0.485813991661067,"Co_Occurence","APC, PTEN","6/176"
"43","GJB2","TP53",0.0626160255918708,0.50002611143811,1735,938,10,37,0.485813991661067,"Mutually_Exclusive","GJB2, TP53","10/975"
"44","ATP7B","HRAS",0.0637893361148171,5.30588723114029,2654,37,2,27,0.48652883477403,"Co_Occurence","ATP7B, HRAS","2/64"
"45","POLK","KMT2D",0.065923825393167,5.19735877178828,2654,34,2,30,0.489581780485353,"Co_Occurence","KMT2D, POLK","2/64"
"46","CDKN2A","CTRC",0.06636553024357,3.52692327212796,2598,23,3,96,0.489581780485353,"Co_Occurence","CDKN2A, CTRC","3/119"
"47","ERBB2","KRAS",0.0694785410722408,0.381727113928251,2246,413,4,57,0.504279733588845,"Mutually_Exclusive","ERBB2, KRAS","4/470"
"48","ATP7B","BRCA2",0.0757427174755593,4.78132673925493,2650,41,2,27,0.541019410539709,"Co_Occurence","ATP7B, BRCA2","2/68"
"49","ATP7B","CFTR",0.0788369293370226,4.66658178488781,2649,42,2,27,0.554322159400941,"Co_Occurence","ATP7B, CFTR","2/69"
"50","PIK3CA","CFTR",0.081245331896584,0.199068050782682,2396,43,1,280,0.562467682360967,"Mutually_Exclusive","CFTR, PIK3CA","1/323"
"51","NRAS","MAP3K1",0.0836537841600873,4.49221739447326,2649,31,2,38,0.570366710182415,"Co_Occurence","MAP3K1, NRAS","2/69"
"52","CDKN2A","APC",0.0876796072178889,0.20212045409307,2495,126,1,98,0.574860358428605,"Mutually_Exclusive","APC, CDKN2A","1/224"
"53","CDKN2A","KRAS",0.087733274834536,0.542505981640715,2213,408,9,90,0.574860358428605,"Mutually_Exclusive","CDKN2A, KRAS","9/498"
"54","FBXW7","KRAS",0.0889406448706866,2.00941625863245,2278,408,9,25,0.574860358428605,"Co_Occurence","FBXW7, KRAS","9/433"
"55","CDKN2A","GJB2",0.0894227224222273,2.52292885398216,2578,43,4,95,0.574860358428605,"Co_Occurence","CDKN2A, GJB2","4/138"
"56","PIK3CA","APC",0.0982087998448791,1.56489233828035,2331,108,19,262,0.62245013986191,"Co_Occurence","APC, PIK3CA","19/370"
"57","FBXW7","NF1",0.0996558152987337,4.02786017496438,2645,41,2,32,0.622848845617087,"Co_Occurence","FBXW7, NF1","2/73"
"58","PTEN","TP53",0.102808761993925,0.603346369712894,1726,933,15,46,0.633752642428307,"Mutually_Exclusive","PTEN, TP53","15/979"
"59","MAP3K1","ROS1",0.11008133260705,3.78433719054226,2642,45,2,31,0.669413509096928,"Co_Occurence","MAP3K1, ROS1","2/76"
"60","G6PD","SMAD4",0.111743362305706,3.76379749378168,2637,56,2,25,0.670460173834236,"Co_Occurence","G6PD, SMAD4","2/81"
"61","ATP7B","KRAS",0.113449586569231,0.195378808179625,2275,416,1,28,0.67174097310729,"Mutually_Exclusive","ATP7B, KRAS","1/444"
"62","PTEN","G6PD",0.121516889538931,3.56819896480259,2634,25,2,59,0.709934655415635,"Co_Occurence","G6PD, PTEN","2/84"
"63","ERCC2","BRAF",0.123055340272043,2.60763903048146,2603,73,3,41,0.709934655415635,"Co_Occurence","BRAF, ERCC2","3/114"
"64","PIK3CA","TP53",0.12826934715578,0.806917807113771,1577,862,86,195,0.716937102844741,"Mutually_Exclusive","PIK3CA, TP53","86/1057"
"65","KRAS","BRCA1",0.128811071797232,0.558061036997066,2225,78,8,409,0.716937102844741,"Mutually_Exclusive","BRCA1, KRAS","8/487"
"66","PTEN","MSH6",0.129048678512053,3.42998671064588,2633,26,2,59,0.716937102844741,"Co_Occurence","MSH6, PTEN","2/85"
"67","CFTR","KRAS",0.139598652181884,0.39988402731842,2262,414,3,41,0.757654281028065,"Mutually_Exclusive","CFTR, KRAS","3/455"
"68","NF1","KRAS",0.139745122945176,0.410060373973478,2263,414,3,40,0.757654281028065,"Mutually_Exclusive","KRAS, NF1","3/454"
"69","BRAF","GJB2",0.142193097341471,2.42714353195504,2600,44,3,73,0.761748735757879,"Co_Occurence","BRAF, GJB2","3/117"
"70","TP53","NF1",0.145407578184025,0.561909070587766,1739,33,10,938,0.769399622240498,"Mutually_Exclusive","NF1, TP53","10/971"
"71","APC","CFTR",0.14704081669485,2.07491964143452,2553,40,4,123,0.769399622240498,"Co_Occurence","APC, CFTR","4/163"
"72","APC","ATP7B",0.150862081647475,2.38751094251087,2567,26,3,124,0.771037499504447,"Co_Occurence","APC, ATP7B","3/150"
"73","ROS1","NRAS",0.150943627417994,3.07960478747731,2635,38,2,45,0.771037499504447,"Co_Occurence","NRAS, ROS1","2/83"
"74","CFTR","BRCA2",0.152494083235324,3.05817271794784,2635,41,2,42,0.771037499504447,"Co_Occurence","BRCA2, CFTR","2/83"
"75","PTEN","ERBB2",0.155300414347867,2.31848696106219,2601,58,3,58,0.776502071739333,"Co_Occurence","ERBB2, PTEN","3/116"
"76","ROS1","NF1",0.169290625274844,2.85125043602374,2632,41,2,45,0.837151443666812,"Co_Occurence","NF1, ROS1","2/86"
"77","ROS1","CFTR",0.175491960085045,2.78237486851807,2631,42,2,45,0.858384587372504,"Co_Occurence","CFTR, ROS1","2/87"
"78","PIK3CA","CDKN2A",0.179601362023126,0.550478909411464,2346,93,6,275,0.869038848499,"Mutually_Exclusive","CDKN2A, PIK3CA","6/368"
"79","MSH6","BRAF",0.183272815686356,2.71964227479056,2618,74,2,26,0.877369862328303,"Co_Occurence","BRAF, MSH6","2/100"
"80","BRCA1","APC",0.185835838742083,0.234243761376498,2508,126,1,85,0.880275025620393,"Mutually_Exclusive","APC, BRCA1","1/211"
"81","PIK3CA","G6PD",0.190890886442136,1.98966673216589,2417,22,5,276,0.893109153925151,"Co_Occurence","G6PD, PIK3CA","5/298"
"82","KMT2D","PTEN",0.192514639846088,2.61550461742197,2625,59,2,34,0.893109153925151,"Co_Occurence","KMT2D, PTEN","2/93"
"83","PIK3CA","MSH6",0.202289824817518,1.90248743692011,2416,23,5,276,0.928881848651869,"Co_Occurence","MSH6, PIK3CA","5/299"
"84","BRCA1","PIK3CA",0.206436093959437,0.52747361608241,2358,276,5,81,0.938345881633806,"Mutually_Exclusive","BRCA1, PIK3CA","5/357"
"85","G6PD","BRCA1",0.209389178714413,2.483380481814,2609,84,2,25,0.94225130421486,"Co_Occurence","BRCA1, G6PD","2/109"
"86","POLK","KRAS",0.215249970891241,0.36523427119189,2273,415,2,30,0.949236647449463,"Mutually_Exclusive","KRAS, POLK","2/445"
"87","ERBB2","ATM",0.217308757934625,2.40096867336102,2622,37,2,59,0.949236647449463,"Co_Occurence","ATM, ERBB2","2/96"
"88","PTEN","ATM",0.217308757934625,2.40096867336102,2622,37,2,59,0.949236647449463,"Co_Occurence","ATM, PTEN","2/96"
"89","SMAD4","BRAF",0.219379136299431,1.93386904833088,2589,73,3,55,0.949236647449463,"Co_Occurence","BRAF, SMAD4","3/128"
"90","ROS1","KRAS",0.224985980672149,0.509140778698979,2260,413,4,43,0.964225631452069,"Mutually_Exclusive","KRAS, ROS1","4/456"
"91","ERCC2","CTNNB1",0.228940111800255,2.31109488727227,2622,54,2,42,0.97191556896335,"Co_Occurence","CTNNB1, ERCC2","2/96"
"92","SMAD4","BRCA2",0.233048532750032,2.2820674989688,2621,41,2,56,0.977907266375523,"Co_Occurence","BRCA2, SMAD4","2/97"
"93","IDH1","MSH6",0.244769811215582,3.79408405921274,2666,27,1,26,0.977907266375523,"Co_Occurence","IDH1, MSH6","1/53"
"94","FBXW7","BRAF",0.245378975481097,2.20518110211319,2612,74,2,32,0.977907266375523,"Co_Occurence","BRAF, FBXW7","2/106"
"95","PIK3CA","POLK",0.246632329491607,0.277499604439692,2408,31,1,280,0.977907266375523,"Mutually_Exclusive","PIK3CA, POLK","1/311"
"96","PIK3CA","MAP3K1",0.247855802566998,0.26871716127928,2407,32,1,280,0.977907266375523,"Mutually_Exclusive","MAP3K1, PIK3CA","1/312"
"97","ERBB2","NF1",0.250778355143647,2.16365732617986,2618,41,2,59,0.977907266375523,"Co_Occurence","ERBB2, NF1","2/100"
"98","RB1","PIK3CA",0.255090147677059,0.252701952115341,2405,280,1,34,0.977907266375523,"Mutually_Exclusive","PIK3CA, RB1","1/314"
"99","APC","HRAS",0.258847927751134,0,2554,39,0,127,0.977907266375523,"Mutually_Exclusive","APC, HRAS","0/166"
"100","CFTR","PTEN",0.259184177320366,2.11131130664824,2617,59,2,42,0.977907266375523,"Co_Occurence","CFTR, PTEN","2/101"
"101","MSH6","ATP7B",0.260395803675936,3.52046453324053,2664,28,1,27,0.977907266375523,"Co_Occurence","ATP7B, MSH6","1/55"
"102","ATM","KRAS",0.26082380846599,0.456423541575317,2267,414,3,36,0.977907266375523,"Mutually_Exclusive","ATM, KRAS","3/450"
"103","BRAF","APC",0.262373786232126,0.266530998277799,2518,126,1,75,0.977907266375523,"Mutually_Exclusive","APC, BRAF","1/201"
"104","ERBB2","BRCA1",0.262804383546333,0,2573,86,0,61,0.977907266375523,"Mutually_Exclusive","BRCA1, ERBB2","0/147"
"105","SMAD4","ROS1",0.264975986865289,2.07618774505167,2617,45,2,56,0.977907266375523,"Co_Occurence","ROS1, SMAD4","2/101"
"106","POLK","CTRC",0.265912721725735,3.43318660212375,2663,25,1,31,0.977907266375523,"Co_Occurence","CTRC, POLK","1/56"
"107","APC","ERCC2",0.266935316480025,0,2549,44,0,127,0.977907266375523,"Mutually_Exclusive","APC, ERCC2","0/171"
"108","CDKN2A","CTNNB1",0.267294652809309,0,2565,56,0,99,0.977907266375523,"Mutually_Exclusive","CDKN2A, CTNNB1","0/155"
"109","G6PD","POLK",0.274632392440201,3.30003759526667,2662,31,1,26,0.996649811274928,"Co_Occurence","G6PD, POLK","1/57"
"110","ERBB2","TP53",0.27852903643349,0.717200557265069,1728,931,17,44,1,"Mutually_Exclusive","ERBB2, TP53","17/975"
"111","IDH1","MAP3K1",0.281918450998281,3.19580991627068,2661,32,1,26,1,"Co_Occurence","IDH1, MAP3K1","1/58"
"112","CDKN2A","ATP7B",0.285030619170508,1.98022869712624,2594,27,2,97,1,"Co_Occurence","ATP7B, CDKN2A","2/124"
"113","ATP7B","POLK",0.291771727553216,3.06223259714689,2660,31,1,28,1,"Co_Occurence","ATP7B, POLK","1/59"
"114","ATM","BRAF",0.297807212013712,1.9037233681086,2607,74,2,37,1,"Co_Occurence","ATM, BRAF","2/111"
"115","MSH6","FBXW7",0.298108922179638,2.98215228288852,2659,33,1,27,1,"Co_Occurence","FBXW7, MSH6","1/60"
"116","ATP7B","MAP3K1",0.299412583171132,2.96552797157148,2659,32,1,28,1,"Co_Occurence","ATP7B, MAP3K1","1/60"
"117","ATP7B","FBXW7",0.306973816921797,2.87467727736415,2658,33,1,28,1,"Co_Occurence","ATP7B, FBXW7","1/61"
"118","CTRC","ATM",0.31424969045527,2.79398466410435,2656,38,1,25,1,"Co_Occurence","ATM, CTRC","1/63"
"119","KMT2D","ATP7B",0.321860612545995,2.70844688373279,2656,28,1,35,1,"Co_Occurence","ATP7B, KMT2D","1/63"
"120","ATM","G6PD",0.324177033466496,2.6855396955283,2655,26,1,38,1,"Co_Occurence","ATM, G6PD","1/64"
"121","IDH1","NRAS",0.330983158082835,2.61578623380538,2654,39,1,26,1,"Co_Occurence","IDH1, NRAS","1/65"
"122","BRCA2","BRAF",0.339425714882659,1.71544339542514,2603,74,2,41,1,"Co_Occurence","BRAF, BRCA2","2/115"
"123","BRCA2","CTRC",0.34048096950259,2.52434606247473,2652,25,1,42,1,"Co_Occurence","BRCA2, CTRC","1/67"
"124","NF1","CTRC",0.34048096950259,2.52434606247473,2652,25,1,42,1,"Co_Occurence","CTRC, NF1","1/67"
"125","BRAF","PIK3CA",0.341619527428871,0.604298059494603,2368,276,5,71,1,"Mutually_Exclusive","BRAF, PIK3CA","5/347"
"126","ATP7B","ATM",0.343613400822571,2.49209840015367,2653,38,1,28,1,"Co_Occurence","ATM, ATP7B","1/66"
"127","CFTR","BRAF",0.349729066054593,1.67397707515701,2602,74,2,42,1,"Co_Occurence","BRAF, CFTR","2/116"
"128","KMT2D","KRAS",0.350067210333519,0.498565790327771,2270,414,3,33,1,"Mutually_Exclusive","KMT2D, KRAS","3/447"
"129","NRAS","ATP7B",0.350713442365333,2.42717434490159,2652,28,1,39,1,"Co_Occurence","ATP7B, NRAS","1/67"
"130","G6PD","BRCA2",0.351007813716172,2.42627574040728,2651,42,1,26,1,"Co_Occurence","BRCA2, G6PD","1/68"
"131","IDH1","BRCA2",0.351007813716172,2.42627574040728,2651,42,1,26,1,"Co_Occurence","BRCA2, IDH1","1/68"
"132","ATM","BRCA1",0.351156888185945,1.67076221465515,2597,84,2,37,1,"Co_Occurence","ATM, BRCA1","2/121"
"133","TP53","ROS1",0.355179901038782,0.710811007729784,1738,34,13,935,1,"Mutually_Exclusive","ROS1, TP53","13/969"
"134","IDH1","CFTR",0.357553495086983,2.3691003228664,2650,43,1,26,1,"Co_Occurence","CFTR, IDH1","1/69"
"135","ERBB2","CTNNB1",0.35937475071343,1.63489569607991,2605,54,2,59,1,"Co_Occurence","CTNNB1, ERBB2","2/113"
"136","BRCA2","MSH6",0.361370481376849,2.33572445822924,2650,27,1,42,1,"Co_Occurence","BRCA2, MSH6","1/69"
"137","MAP3K1","TP53",0.362803249864475,1.38273269771052,1753,934,14,19,1,"Co_Occurence","MAP3K1, TP53","14/953"
"138","MSH6","CFTR",0.368050207384115,2.28060654348165,2649,43,1,27,1,"Co_Occurence","CFTR, MSH6","1/70"
"139","BRCA1","CDKN2A",0.372168944939242,0.304523445467555,2536,98,1,85,1,"Mutually_Exclusive","BRCA1, CDKN2A","1/183"
"140","RB1","KMT2D",0.374552204887086,2.22580336200116,2650,35,1,34,1,"Co_Occurence","KMT2D, RB1","1/69"
"141","ERBB2","SMAD4",0.375710985662753,1.57532124647664,2603,56,2,59,1,"Co_Occurence","ERBB2, SMAD4","2/115"
"142","GJB2","G6PD",0.376811324546262,2.21235814539591,2647,26,1,46,1,"Co_Occurence","G6PD, GJB2","1/72"
"143","POLK","NRAS",0.379249337656833,2.19020774546712,2649,39,1,31,1,"Co_Occurence","NRAS, POLK","1/70"
"144","GJB2","MSH6",0.387687621518533,2.12958261725855,2646,27,1,46,1,"Co_Occurence","GJB2, MSH6","1/73"
"145","BRCA2","KRAS",0.39137892921166,0.56234021218761,2264,413,4,39,1,"Mutually_Exclusive","BRCA2, KRAS","4/452"
"146","ATM","RB1",0.398711374368759,2.04809455038092,2647,34,1,38,1,"Co_Occurence","ATM, RB1","1/72"
"147","HRAS","RB1",0.398711374368759,2.04809455038092,2647,34,1,38,1,"Co_Occurence","HRAS, RB1","1/72"
"148","CDKN2A","ATM",0.400531239912418,0,2582,39,0,99,1,"Mutually_Exclusive","ATM, CDKN2A","0/138"
"149","CFTR","BRCA1",0.401177276602675,0,2590,86,0,44,1,"Mutually_Exclusive","BRCA1, CFTR","0/130"
"150","CTNNB1","BRAF",0.405883141629499,0,2588,76,0,56,1,"Mutually_Exclusive","BRAF, CTNNB1","0/132"
"151","KMT2D","HRAS",0.407445175634911,1.98876888484321,2646,38,1,35,1,"Co_Occurence","HRAS, KMT2D","1/73"
"152","ERCC2","POLK",0.408386359921392,1.98354720493837,2645,31,1,43,1,"Co_Occurence","ERCC2, POLK","1/74"
"153","MAP3K1","NF1",0.410807397883024,1.96732475392153,2645,42,1,32,1,"Co_Occurence","MAP3K1, NF1","1/74"
"154","CTRC","KRAS",0.412514260034064,0.45773306582684,2279,415,2,24,1,"Mutually_Exclusive","CTRC, KRAS","2/439"
"155","IDH1","KRAS",0.416868211149645,0.439230101949083,2278,415,2,25,1,"Mutually_Exclusive","IDH1, KRAS","2/440"
"156","CFTR","MAP3K1",0.418070511767918,1.92088633945626,2644,32,1,43,1,"Co_Occurence","CFTR, MAP3K1","1/75"
"157","BRCA2","FBXW7",0.420236233718911,1.90704134568806,2644,33,1,42,1,"Co_Occurence","BRCA2, FBXW7","1/75"
"158","BRCA2","TP53",0.420324144347436,0.720098930948514,1741,936,12,31,1,"Mutually_Exclusive","BRCA2, TP53","12/967"
"159","MSH6","KRAS",0.424120291375882,1.5133349995871,2281,411,6,22,1,"Co_Occurence","KRAS, MSH6","6/433"
"160","FBXW7","ERCC2",0.427599688352291,1.86204706753878,2643,43,1,33,1,"Co_Occurence","ERCC2, FBXW7","1/76"
"161","NRAS","PIK3CA",0.428188309198548,0.453030364357223,2401,279,2,38,1,"Mutually_Exclusive","NRAS, PIK3CA","2/317"
"162","GJB2","POLK",0.429365129305284,1.85222382903688,2642,31,1,46,1,"Co_Occurence","GJB2, POLK","1/77"
"163","RB1","CFTR",0.436976312966029,1.80650771566092,2642,43,1,34,1,"Co_Occurence","CFTR, RB1","1/77"
"164","RB1","ERCC2",0.436976312966029,1.80650771566092,2642,43,1,34,1,"Co_Occurence","ERCC2, RB1","1/77"
"165","KMT2D","BRCA2",0.438653850953468,1.79670126602802,2642,42,1,35,1,"Co_Occurence","BRCA2, KMT2D","1/77"
"166","NRAS","ATM",0.441160789709626,1.78219094299788,2642,38,1,39,1,"Co_Occurence","ATM, NRAS","1/77"
"167","MSH6","CTNNB1",0.443133045291567,1.77526074991178,2637,55,1,27,1,"Co_Occurence","CTNNB1, MSH6","1/82"
"168","PTEN","CTRC",0.447048247761186,1.75552036844443,2634,25,1,60,1,"Co_Occurence","CTRC, PTEN","1/85"
"169","FBXW7","ROS1",0.449149555114832,1.73866434628592,2640,46,1,33,1,"Co_Occurence","FBXW7, ROS1","1/79"
"170","APC","BRCA2",0.451186515086657,1.54383269797799,2553,40,3,124,1,"Co_Occurence","APC, BRCA2","3/164"
"171","SMAD4","MSH6",0.454779614476786,1.71170672589389,2635,27,1,57,1,"Co_Occurence","MSH6, SMAD4","1/84"
"172","GJB2","RB1",0.458788412489963,1.6869150737188,2639,34,1,46,1,"Co_Occurence","GJB2, RB1","1/80"
"173","TP53","POLK",0.462326960268592,0.72893166048083,1749,23,9,939,1,"Mutually_Exclusive","POLK, TP53","9/962"
"174","BRCA2","ATM",0.465213410438825,1.65310855775342,2639,38,1,42,1,"Co_Occurence","ATM, BRCA2","1/80"
"175","CDKN2A","SMAD4",0.467846804454289,1.45769559067432,2566,55,3,96,1,"Co_Occurence","CDKN2A, SMAD4","3/151"
"176","GJB2","KMT2D",0.468262134878407,1.63811947664282,2638,35,1,46,1,"Co_Occurence","GJB2, KMT2D","1/81"
"177","ERBB2","MSH6",0.471810166323438,1.62431100655836,2632,27,1,60,1,"Co_Occurence","ERBB2, MSH6","1/87"
"178","HRAS","CFTR",0.47300447394009,1.61406948263952,2638,43,1,38,1,"Co_Occurence","CFTR, HRAS","1/81"
"179","ATM","ERCC2",0.47300447394009,1.61406948263952,2638,43,1,38,1,"Co_Occurence","ATM, ERCC2","1/81"
"180","NF1","NRAS",0.4737907410435,1.61012962468804,2638,39,1,42,1,"Co_Occurence","NF1, NRAS","1/81"
"181","KRAS","PTEN",0.475491778736592,0.711146907657475,2249,54,7,410,1,"Mutually_Exclusive","KRAS, PTEN","7/464"
"182","NRAS","CFTR",0.48165341207759,1.57210364619394,2637,43,1,39,1,"Co_Occurence","CFTR, NRAS","1/82"
"183","ATP7B","ERBB2",0.483778806685352,1.56572814295539,2631,60,1,28,1,"Co_Occurence","ATP7B, ERBB2","1/88"
"184","CDKN2A","ERBB2",0.485866589772644,1.38072345490744,2563,58,3,96,1,"Co_Occurence","CDKN2A, ERBB2","3/154"
"185","TP53","SMAD4",0.486410795468996,1.23388789146035,1737,35,23,925,1,"Co_Occurence","SMAD4, TP53","23/960"
"186","CTNNB1","POLK",0.488068012680556,1.54395094903377,2633,31,1,55,1,"Co_Occurence","CTNNB1, POLK","1/86"
"187","ROS1","ATM",0.495719952394249,1.50712733949865,2635,38,1,46,1,"Co_Occurence","ATM, ROS1","1/84"
"188","GJB2","HRAS",0.495719952394249,1.50712733949865,2635,38,1,46,1,"Co_Occurence","GJB2, HRAS","1/84"
"189","ROS1","HRAS",0.495719952394249,1.50712733949865,2635,38,1,46,1,"Co_Occurence","HRAS, ROS1","1/84"
"190","TP53","ATM",0.498598820627426,0.731288968122651,1744,28,11,937,1,"Mutually_Exclusive","ATM, TP53","11/965"
"191","ERCC2","NF1",0.506776273805091,1.45820141397685,2634,42,1,43,1,"Co_Occurence","ERCC2, NF1","1/85"
"192","CTNNB1","FBXW7",0.509180205961106,1.44932386290214,2631,33,1,55,1,"Co_Occurence","CTNNB1, FBXW7","1/88"
"193","CTNNB1","PIK3CA",0.510453608496602,1.24597924324473,2390,274,7,49,1,"Co_Occurence","CTNNB1, PIK3CA","7/323"
"194","BRAF","BRCA1",0.516581026414656,0.401503321586924,2559,85,1,75,1,"Mutually_Exclusive","BRAF, BRCA1","1/160"
"195","POLK","PTEN",0.518106857816204,1.41266868918278,2628,60,1,31,1,"Co_Occurence","POLK, PTEN","1/91"
"196","APC","CTNNB1",0.51815074100949,0.366322847933022,2538,55,1,126,1,"Mutually_Exclusive","APC, CTNNB1","1/181"
"197","FBXW7","SMAD4",0.521631012725647,1.39743759695441,2629,57,1,33,1,"Co_Occurence","FBXW7, SMAD4","1/90"
"198","ERCC2","TP53",0.525475010599138,0.780902231312666,1741,935,13,31,1,"Mutually_Exclusive","ERCC2, TP53","13/966"
"199","APC","ERBB2",0.529765583514762,1.44662223530641,2536,57,4,123,1,"Co_Occurence","APC, ERBB2","4/180"
"200","NF1","GJB2",0.530181348903292,1.36160436338624,2631,46,1,42,1,"Co_Occurence","GJB2, NF1","1/88"
"201","RB1","SMAD4",0.531960648340655,1.35585994972111,2628,57,1,34,1,"Co_Occurence","RB1, SMAD4","1/91"
"202","G6PD","BRAF",0.536470746605554,1.34239529410369,2618,75,1,26,1,"Co_Occurence","BRAF, G6PD","1/101"
"203","GJB2","ERCC2",0.538429939340925,1.329464505164,2630,43,1,46,1,"Co_Occurence","ERCC2, GJB2","1/89"
"204","PTEN","FBXW7",0.539734302015601,1.32610332146736,2626,33,1,60,1,"Co_Occurence","FBXW7, PTEN","1/93"
"205","PTEN","RB1",0.550187097092686,1.28662825878459,2625,34,1,60,1,"Co_Occurence","PTEN, RB1","1/94"
"206","CTNNB1","ATM",0.558290944508081,1.25633976521514,2626,38,1,55,1,"Co_Occurence","ATM, CTNNB1","1/93"
"207","CTNNB1","HRAS",0.558290944508081,1.25633976521514,2626,38,1,55,1,"Co_Occurence","CTNNB1, HRAS","1/93"
"208","ATP7B","BRAF",0.562269104087944,1.24560076163598,2616,75,1,28,1,"Co_Occurence","ATP7B, BRAF","1/103"
"209","BRCA1","CTRC",0.567970476157531,1.22766093344433,2609,25,1,85,1,"Co_Occurence","BRCA1, CTRC","1/110"
"210","SMAD4","NRAS",0.580409611847584,1.17985784693647,2623,39,1,57,1,"Co_Occurence","NRAS, SMAD4","1/96"
"211","PTEN","HRAS",0.58971325090933,1.14949730032829,2621,38,1,60,1,"Co_Occurence","HRAS, PTEN","1/98"
"212","TP53","RB1",0.59265620304191,1.24969106159481,1751,21,14,934,1,"Co_Occurence","RB1, TP53","14/955"
"213","PIK3CA","HRAS",0.592858157602011,1.28130702373211,2405,34,5,276,1,"Co_Occurence","HRAS, PIK3CA","5/310"
"214","NF1","CTNNB1",0.594075256497401,1.135007794151,2622,55,1,42,1,"Co_Occurence","CTNNB1, NF1","1/97"
"215","POLK","BRAF",0.598332117076615,1.12381917310733,2613,75,1,31,1,"Co_Occurence","BRAF, POLK","1/106"
"216","ERBB2","NRAS",0.599048383954661,1.11960824480047,2620,39,1,60,1,"Co_Occurence","ERBB2, NRAS","1/99"
"217","PTEN","NRAS",0.599048383954661,1.11960824480047,2620,39,1,60,1,"Co_Occurence","NRAS, PTEN","1/99"
"218","SMAD4","NF1",0.607076096168377,1.09435885555842,2620,42,1,57,1,"Co_Occurence","NF1, SMAD4","1/99"
"219","MAP3K1","BRAF",0.609688798290222,1.08828504586523,2612,75,1,32,1,"Co_Occurence","BRAF, MAP3K1","1/107"
"220","G6PD","CDKN2A",0.623313733835171,0,2594,99,0,27,1,"Mutually_Exclusive","CDKN2A, G6PD","0/126"
"221","IDH1","CDKN2A",0.623313733835171,0,2594,99,0,27,1,"Mutually_Exclusive","CDKN2A, IDH1","0/126"
"222","CDKN2A","MSH6",0.623577944196387,0,2593,28,0,99,1,"Mutually_Exclusive","CDKN2A, MSH6","0/127"
"223","POLK","BRCA1",0.624103906083469,0,2602,86,0,32,1,"Mutually_Exclusive","BRCA1, POLK","0/118"
"224","RB1","BRAF",0.624399770330874,0,2609,76,0,35,1,"Mutually_Exclusive","BRAF, RB1","0/111"
"225","CFTR","ERBB2",0.624839685269408,0,2615,61,0,44,1,"Mutually_Exclusive","CFTR, ERBB2","0/105"
"226","ERCC2","ERBB2",0.624839685269408,0,2615,61,0,44,1,"Mutually_Exclusive","ERBB2, ERCC2","0/105"
"227","GJB2","SMAD4",0.624920355708495,0,2615,58,0,47,1,"Mutually_Exclusive","GJB2, SMAD4","0/105"
"228","ERBB2","BRCA2",0.62496023388202,0,2616,43,0,61,1,"Mutually_Exclusive","BRCA2, ERBB2","0/104"
"229","GJB2","CTNNB1",0.625013570670752,0,2617,56,0,47,1,"Mutually_Exclusive","CTNNB1, GJB2","0/103"
"230","ROS1","CTNNB1",0.625013570670752,0,2617,56,0,47,1,"Mutually_Exclusive","CTNNB1, ROS1","0/103"
"231","ROS1","ERBB2",0.625625904299372,0,2612,61,0,47,1,"Mutually_Exclusive","ERBB2, ROS1","0/108"
"232","GJB2","PTEN",0.625625904299372,0,2612,61,0,47,1,"Mutually_Exclusive","GJB2, PTEN","0/108"
"233","ROS1","PTEN",0.625625904299372,0,2612,61,0,47,1,"Mutually_Exclusive","PTEN, ROS1","0/108"
"234","BRCA1","RB1",0.626659803066149,0,2599,35,0,86,1,"Mutually_Exclusive","BRCA1, RB1","0/121"
"235","NRAS","BRAF",0.627477635847145,0,2604,76,0,40,1,"Mutually_Exclusive","BRAF, NRAS","0/116"
"236","CDKN2A","POLK",0.629139933049352,0,2589,32,0,99,1,"Mutually_Exclusive","CDKN2A, POLK","0/131"
"237","CDKN2A","MAP3K1",0.631494025271206,0,2588,33,0,99,1,"Mutually_Exclusive","CDKN2A, MAP3K1","0/132"
"238","CTNNB1","SMAD4",0.63201088448067,0,2606,58,0,56,1,"Mutually_Exclusive","CTNNB1, SMAD4","0/114"
"239","HRAS","BRCA1",0.634248773609354,0,2595,86,0,39,1,"Mutually_Exclusive","BRCA1, HRAS","0/125"
"240","G6PD","APC",0.63500587394347,0,2566,127,0,27,1,"Mutually_Exclusive","APC, G6PD","0/154"
"241","IDH1","APC",0.63500587394347,0,2566,127,0,27,1,"Mutually_Exclusive","APC, IDH1","0/154"
"242","NRAS","BRCA1",0.636763862045308,0,2594,86,0,40,1,"Mutually_Exclusive","BRCA1, NRAS","0/126"
"243","RB1","CDKN2A",0.637154880620054,0,2586,99,0,35,1,"Mutually_Exclusive","CDKN2A, RB1","0/134"
"244","PTEN","SMAD4",0.640271248741827,0,2601,58,0,61,1,"Mutually_Exclusive","PTEN, SMAD4","0/119"
"245","CDKN2A","KMT2D",0.640409772193741,0,2585,36,0,99,1,"Mutually_Exclusive","CDKN2A, KMT2D","0/135"
"246","BRCA1","BRCA2",0.645522002113621,0,2591,43,0,86,1,"Mutually_Exclusive","BRCA1, BRCA2","0/129"
"247","BRCA1","GJB2",0.659487357003249,1.3696433459864,2589,45,2,84,1,"Co_Occurence","BRCA1, GJB2","2/129"
"248","BRCA1","ROS1",0.659487357003249,1.3696433459864,2589,45,2,84,1,"Co_Occurence","BRCA1, ROS1","2/129"
"249","APC","POLK",0.659638508825257,1.36674040452162,2563,30,2,125,1,"Co_Occurence","APC, POLK","2/155"
"250","SMAD4","PIK3CA",0.660693176755118,1.19613651469888,2388,274,7,51,1,"Co_Occurence","PIK3CA, SMAD4","7/325"
"251","PIK3CA","KRAS",0.662005400404258,0.907831970074265,2062,377,40,241,1,"Mutually_Exclusive","KRAS, PIK3CA","40/618"
"252","CDKN2A","BRCA2",0.669046547795683,1.29731879670639,2580,41,2,97,1,"Co_Occurence","BRCA2, CDKN2A","2/138"
"253","CDKN2A","ERCC2",0.673747305276323,1.26595354389215,2579,42,2,97,1,"Co_Occurence","CDKN2A, ERCC2","2/139"
"254","BRAF","PTEN",0.687702191946886,1.18406934468277,2585,59,2,74,1,"Co_Occurence","BRAF, PTEN","2/133"
"255","CDKN2A","ROS1",0.688418846486528,1.18021895774015,2576,45,2,97,1,"Co_Occurence","CDKN2A, ROS1","2/142"
"256","SMAD4","BRCA1",0.705701842622999,1.09603905260384,2578,84,2,56,1,"Co_Occurence","BRCA1, SMAD4","2/140"
"257","TP53","FBXW7",0.718290475674404,1.15923402842507,1751,21,13,935,1,"Co_Occurence","FBXW7, TP53","13/956"
"258","PTEN","BRCA1",0.719203084592212,1.03914360479409,2575,84,2,59,1,"Co_Occurence","BRCA1, PTEN","2/143"
"259","TP53","KMT2D",0.725221280956865,0.820445514295536,1747,25,11,937,1,"Mutually_Exclusive","KMT2D, TP53","11/962"
"260","PTEN","CDKN2A",0.725272223542634,0.435637659604241,2561,98,1,60,1,"Mutually_Exclusive","CDKN2A, PTEN","1/158"
"261","APC","SMAD4",0.7508789285591,1.11637256362389,2538,55,3,124,1,"Co_Occurence","APC, SMAD4","3/179"
"262","PIK3CA","ATP7B",0.762192760631174,0.640470806477971,2412,27,2,279,1,"Mutually_Exclusive","ATP7B, PIK3CA","2/306"
"263","FBXW7","PIK3CA",0.77432675138317,1.1594939364565,2409,277,4,30,1,"Co_Occurence","FBXW7, PIK3CA","4/307"
"264","KRAS","TP53",0.780172491300903,1.03367801813304,1503,800,148,269,1,"Co_Occurence","KRAS, TP53","148/1069"
"265","PIK3CA","KMT2D",0.783594157250216,1.08619025525677,2407,32,4,277,1,"Co_Occurence","KMT2D, PIK3CA","4/309"
"266","PIK3CA","NF1",0.798649288968592,1.14456859941152,2401,38,5,276,1,"Co_Occurence","NF1, PIK3CA","5/314"
"267","PIK3CA","ERCC2",0.801432246125171,1.11475451601721,2400,39,5,276,1,"Co_Occurence","ERCC2, PIK3CA","5/315"
"268","MAP3K1","KRAS",0.808520569095744,0.759526328129581,2274,413,4,29,1,"Mutually_Exclusive","KRAS, MAP3K1","4/442"
"269","PIK3CA","ROS1",0.812046037383694,1.03389644017254,2397,42,5,276,1,"Co_Occurence","PIK3CA, ROS1","5/318"
"270","ERBB2","PIK3CA",0.83044662683411,0.770971343664991,2383,276,5,56,1,"Mutually_Exclusive","ERBB2, PIK3CA","5/332"
"271","CFTR","CTNNB1",1,0,2620,56,0,44,1,"Mutually_Exclusive","CFTR, CTNNB1","0/100"
"272","G6PD","NRAS",1,0,2653,40,0,27,1,"Mutually_Exclusive","G6PD, NRAS","0/67"
"273","ATM","MSH6",1,0,2653,28,0,39,1,"Mutually_Exclusive","ATM, MSH6","0/67"
"274","HRAS","MSH6",1,0,2653,28,0,39,1,"Mutually_Exclusive","HRAS, MSH6","0/67"
"275","POLK","MSH6",1,0,2660,28,0,32,1,"Mutually_Exclusive","MSH6, POLK","0/60"
"276","ATM","PIK3CA",1,0.991854353121519,2404,277,4,35,1,"Mutually_Exclusive","ATM, PIK3CA","4/312"
"277","NF1","CDKN2A",1,0.62666065847916,2579,98,1,42,1,"Mutually_Exclusive","CDKN2A, NF1","1/140"
"278","CTNNB1","BRCA1",1,0.55174401944058,2579,85,1,55,1,"Mutually_Exclusive","BRCA1, CTNNB1","1/140"
"279","HRAS","BRAF",1,0.914414503567893,2606,75,1,38,1,"Mutually_Exclusive","BRAF, HRAS","1/113"
"280","IDH1","BRAF",1,0,2617,76,0,27,1,"Mutually_Exclusive","BRAF, IDH1","0/103"
"281","BRAF","ERBB2",1,0.574308180633164,2584,60,1,75,1,"Mutually_Exclusive","BRAF, ERBB2","1/135"
"282","RB1","ERBB2",1,0,2624,61,0,35,1,"Mutually_Exclusive","ERBB2, RB1","0/96"
"283","POLK","ERBB2",1,0,2627,61,0,32,1,"Mutually_Exclusive","ERBB2, POLK","0/93"
"284","G6PD","ERBB2",1,0,2632,61,0,27,1,"Mutually_Exclusive","ERBB2, G6PD","0/88"
"285","IDH1","ERBB2",1,0,2632,61,0,27,1,"Mutually_Exclusive","ERBB2, IDH1","0/88"
"286","BRCA2","PTEN",1,1.03849241461727,2617,60,1,42,1,"Co_Occurence","BRCA2, PTEN","1/102"
"287","NF1","PTEN",1,1.03849241461727,2617,60,1,42,1,"Co_Occurence","NF1, PTEN","1/102"
"288","IDH1","PTEN",1,0,2632,61,0,27,1,"Mutually_Exclusive","IDH1, PTEN","0/88"
"289","CFTR","SMAD4",1,0,2618,58,0,44,1,"Mutually_Exclusive","CFTR, SMAD4","0/102"
"290","ERCC2","SMAD4",1,0,2618,58,0,44,1,"Mutually_Exclusive","ERCC2, SMAD4","0/102"
"291","HRAS","SMAD4",1,0,2623,58,0,39,1,"Mutually_Exclusive","HRAS, SMAD4","0/97"
"292","KRAS","CTNNB1",1,0.918909995801899,2255,48,8,409,1,"Mutually_Exclusive","CTNNB1, KRAS","8/457"
"293","KMT2D","CTNNB1",1,0,2628,56,0,36,1,"Mutually_Exclusive","CTNNB1, KMT2D","0/92"
"294","ATP7B","CTNNB1",1,0,2635,56,0,29,1,"Mutually_Exclusive","ATP7B, CTNNB1","0/85"
"295","CTRC","ROS1",1,0,2647,47,0,26,1,"Mutually_Exclusive","CTRC, ROS1","0/73"
"296","ERCC2","CFTR",1,0,2632,44,0,44,1,"Mutually_Exclusive","CFTR, ERCC2","0/88"
"297","G6PD","CFTR",1,0,2649,44,0,27,1,"Mutually_Exclusive","CFTR, G6PD","0/71"
"298","ATP7B","ERCC2",1,0,2647,44,0,29,1,"Mutually_Exclusive","ATP7B, ERCC2","0/73"
"299","G6PD","ERCC2",1,0,2649,44,0,27,1,"Mutually_Exclusive","ERCC2, G6PD","0/71"
"300","IDH1","ERCC2",1,0,2649,44,0,27,1,"Mutually_Exclusive","ERCC2, IDH1","0/71"
"301","ERCC2","BRCA2",1,0,2633,43,0,44,1,"Mutually_Exclusive","BRCA2, ERCC2","0/87"
"302","HRAS","BRCA2",1,0,2638,43,0,39,1,"Mutually_Exclusive","BRCA2, HRAS","0/82"
"303","ATM","NF1",1,0,2638,43,0,39,1,"Mutually_Exclusive","ATM, NF1","0/82"
"304","HRAS","NF1",1,0,2638,43,0,39,1,"Mutually_Exclusive","HRAS, NF1","0/82"
"305","ATP7B","NF1",1,0,2648,43,0,29,1,"Mutually_Exclusive","ATP7B, NF1","0/72"
"306","CTNNB1","NRAS",1,0,2624,40,0,56,1,"Mutually_Exclusive","CTNNB1, NRAS","0/96"
"307","BRCA2","NRAS",1,0,2637,40,0,43,1,"Mutually_Exclusive","BRCA2, NRAS","0/83"
"308","FBXW7","NRAS",1,0,2646,40,0,34,1,"Mutually_Exclusive","FBXW7, NRAS","0/74"
"309","HRAS","ATM",1,0,2642,39,0,39,1,"Mutually_Exclusive","ATM, HRAS","0/78"
"310","NRAS","HRAS",1,0,2641,39,0,40,1,"Mutually_Exclusive","HRAS, NRAS","0/79"
"311","MAP3K1","KMT2D",1,0,2651,36,0,33,1,"Mutually_Exclusive","KMT2D, MAP3K1","0/69"
"312","G6PD","KMT2D",1,0,2657,36,0,27,1,"Mutually_Exclusive","G6PD, KMT2D","0/63"
"313","BRCA2","RB1",1,0,2642,35,0,43,1,"Mutually_Exclusive","BRCA2, RB1","0/78"
"314","NF1","RB1",1,0,2642,35,0,43,1,"Mutually_Exclusive","NF1, RB1","0/78"
"315","CDKN2A","FBXW7",1,0.800304326305549,2588,33,1,98,1,"Mutually_Exclusive","CDKN2A, FBXW7","1/131"
"316","G6PD","FBXW7",1,0,2659,34,0,27,1,"Mutually_Exclusive","FBXW7, G6PD","0/61"
"317","IDH1","FBXW7",1,0,2659,34,0,27,1,"Mutually_Exclusive","FBXW7, IDH1","0/61"
"318","ERBB2","MAP3K1",1,0,2626,33,0,61,1,"Mutually_Exclusive","ERBB2, MAP3K1","0/94"
"319","PTEN","MAP3K1",1,0,2626,33,0,61,1,"Mutually_Exclusive","MAP3K1, PTEN","0/94"
"320","SMAD4","MAP3K1",1,0,2629,33,0,58,1,"Mutually_Exclusive","MAP3K1, SMAD4","0/91"
"321","GJB2","MAP3K1",1,0,2640,33,0,47,1,"Mutually_Exclusive","GJB2, MAP3K1","0/80"
"322","POLK","MAP3K1",1,0,2655,33,0,32,1,"Mutually_Exclusive","MAP3K1, POLK","0/65"
"323","FBXW7","POLK",1,0,2654,32,0,34,1,"Mutually_Exclusive","FBXW7, POLK","0/66"
"324","PTEN","ATP7B",1,0,2630,29,0,61,1,"Mutually_Exclusive","ATP7B, PTEN","0/90"
"325","NRAS","MSH6",1,0,2652,28,0,40,1,"Mutually_Exclusive","MSH6, NRAS","0/68"
"326","CTRC","MSH6",1,0,2666,28,0,26,1,"Mutually_Exclusive","CTRC, MSH6","0/54"
"327","MSH6","G6PD",1,0,2665,27,0,28,1,"Mutually_Exclusive","G6PD, MSH6","0/55"
"328","CTRC","G6PD",1,0,2667,27,0,26,1,"Mutually_Exclusive","CTRC, G6PD","0/53"
"329","PIK3CA","IDH1",1,0.692267691741974,2414,25,2,279,1,"Mutually_Exclusive","IDH1, PIK3CA","2/304"
"330","SMAD4","IDH1",1,0,2635,27,0,58,1,"Mutually_Exclusive","IDH1, SMAD4","0/85"
"331","POLK","IDH1",1,0,2661,27,0,32,1,"Mutually_Exclusive","IDH1, POLK","0/59"
"332","CTRC","IDH1",1,0,2667,27,0,26,1,"Mutually_Exclusive","CTRC, IDH1","0/53"
"333","BRAF","CTRC",1,0,2618,26,0,76,1,"Mutually_Exclusive","BRAF, CTRC","0/102"
"334","CTNNB1","CTRC",1,0,2638,26,0,56,1,"Mutually_Exclusive","CTNNB1, CTRC","0/82"
"335","MSH6","TP53",1,1.03881359045249,1754,938,10,18,1,"Co_Occurence","MSH6, TP53","10/956"
"336","G6PD","TP53",1,0.933990703641534,1754,939,9,18,1,"Mutually_Exclusive","G6PD, TP53","9/957"
"337","CTRC","TP53",1,0.989479360393467,1755,939,9,17,1,"Mutually_Exclusive","CTRC, TP53","9/956"
"338","GJB2","KRAS",1,0.965922088403828,2263,410,7,40,1,"Mutually_Exclusive","GJB2, KRAS","7/450"
"339","BRCA2","PIK3CA",1,0.888664368557086,2400,277,4,39,1,"Mutually_Exclusive","BRCA2, PIK3CA","4/316"
"340","CTRC","PIK3CA",1,0.721406136740165,2415,279,2,24,1,"Mutually_Exclusive","CTRC, PIK3CA","2/303"
"341","GJB2","APC",1,0.905985591984197,2548,125,2,45,1,"Mutually_Exclusive","APC, GJB2","2/170"
"342","ROS1","APC",1,0.905985591984197,2548,125,2,45,1,"Mutually_Exclusive","APC, ROS1","2/170"
"343","NRAS","APC",1,0.519821585529989,2554,126,1,39,1,"Mutually_Exclusive","APC, NRAS","1/165"
"344","RB1","APC",1,0.597418971830002,2559,126,1,34,1,"Mutually_Exclusive","APC, RB1","1/160"
"345","MAP3K1","APC",1,0.635246277620439,2561,126,1,32,1,"Mutually_Exclusive","APC, MAP3K1","1/158"
"346","CTRC","APC",1,0.815290594714916,2568,126,1,25,1,"Mutually_Exclusive","APC, CTRC","1/151"
"347","BRAF","CDKN2A",1,0.709737061542105,2547,97,2,74,1,"Mutually_Exclusive","BRAF, CDKN2A","2/171"
"348","CFTR","CDKN2A",1,0.611852819310239,2578,98,1,43,1,"Mutually_Exclusive","CDKN2A, CFTR","1/141"
"349","NRAS","CDKN2A",1,0.675639314718847,2582,98,1,39,1,"Mutually_Exclusive","CDKN2A, NRAS","1/137"
"350","ERCC2","BRCA1",1,0.708965257728433,2591,85,1,43,1,"Mutually_Exclusive","BRCA1, ERCC2","1/128"
"351","NF1","BRCA1",1,0.726121233564721,2592,85,1,42,1,"Mutually_Exclusive","BRCA1, NF1","1/127"
"352","KMT2D","BRCA1",1,0.873653421258808,2599,85,1,35,1,"Mutually_Exclusive","BRCA1, KMT2D","1/120"
"353","FBXW7","BRCA1",1,0.927297299741108,2601,85,1,33,1,"Mutually_Exclusive","BRCA1, FBXW7","1/118"
"354","MAP3K1","BRCA1",1,0.956632822582199,2602,85,1,32,1,"Mutually_Exclusive","BRCA1, MAP3K1","1/117"
"355","ATP7B","BRCA1",1,0,2605,86,0,29,1,"Mutually_Exclusive","ATP7B, BRCA1","0/115"
"356","MSH6","BRCA1",1,0,2606,86,0,28,1,"Mutually_Exclusive","BRCA1, MSH6","0/114"
"357","IDH1","BRCA1",1,0,2607,86,0,27,1,"Mutually_Exclusive","BRCA1, IDH1","0/113"
"358","ROS1","BRAF",1,0.753110202818876,2598,75,1,46,1,"Mutually_Exclusive","BRAF, ROS1","1/121"
"359","NF1","BRAF",1,0.826083682106327,2602,75,1,42,1,"Mutually_Exclusive","BRAF, NF1","1/117"
"360","KMT2D","BRAF",1,0.993906987789069,2609,75,1,35,1,"Mutually_Exclusive","BRAF, KMT2D","1/110"
"361","GJB2","ERBB2",1,0.946757593040931,2613,60,1,46,1,"Mutually_Exclusive","ERBB2, GJB2","1/106"
"362","HRAS","ERBB2",1,0,2620,61,0,39,1,"Mutually_Exclusive","ERBB2, HRAS","0/100"
"363","CTRC","ERBB2",1,0,2633,61,0,26,1,"Mutually_Exclusive","CTRC, ERBB2","0/87"
"364","ERCC2","PTEN",1,1.01395052800646,2616,60,1,43,1,"Co_Occurence","ERCC2, PTEN","1/103"
"365","KMT2D","SMAD4",1,0,2626,58,0,36,1,"Mutually_Exclusive","KMT2D, SMAD4","0/94"
"366","POLK","SMAD4",1,0,2630,58,0,32,1,"Mutually_Exclusive","POLK, SMAD4","0/90"
"367","ATP7B","SMAD4",1,0,2633,58,0,29,1,"Mutually_Exclusive","ATP7B, SMAD4","0/87"
"368","BRCA2","CTNNB1",1,0,2621,56,0,43,1,"Mutually_Exclusive","BRCA2, CTNNB1","0/99"
"369","RB1","CTNNB1",1,0,2629,56,0,35,1,"Mutually_Exclusive","CTNNB1, RB1","0/91"
"370","MAP3K1","CTNNB1",1,0,2631,56,0,33,1,"Mutually_Exclusive","CTNNB1, MAP3K1","0/89"
"371","G6PD","CTNNB1",1,0,2637,56,0,27,1,"Mutually_Exclusive","CTNNB1, G6PD","0/83"
"372","IDH1","CTNNB1",1,0,2637,56,0,27,1,"Mutually_Exclusive","CTNNB1, IDH1","0/83"
"373","ROS1","GJB2",1,0,2626,47,0,47,1,"Mutually_Exclusive","GJB2, ROS1","0/94"
"374","CFTR","GJB2",1,0,2629,47,0,44,1,"Mutually_Exclusive","CFTR, GJB2","0/91"
"375","BRCA2","GJB2",1,0,2630,47,0,43,1,"Mutually_Exclusive","BRCA2, GJB2","0/90"
"376","NRAS","GJB2",1,0,2633,47,0,40,1,"Mutually_Exclusive","GJB2, NRAS","0/87"
"377","ATM","GJB2",1,0,2634,47,0,39,1,"Mutually_Exclusive","ATM, GJB2","0/86"
"378","FBXW7","GJB2",1,0,2639,47,0,34,1,"Mutually_Exclusive","FBXW7, GJB2","0/81"
"379","ATP7B","GJB2",1,0,2644,47,0,29,1,"Mutually_Exclusive","ATP7B, GJB2","0/76"
"380","IDH1","GJB2",1,0,2646,47,0,27,1,"Mutually_Exclusive","GJB2, IDH1","0/74"
"381","ERCC2","ROS1",1,0,2629,47,0,44,1,"Mutually_Exclusive","ERCC2, ROS1","0/91"
"382","BRCA2","ROS1",1,0,2630,47,0,43,1,"Mutually_Exclusive","BRCA2, ROS1","0/90"
"383","KMT2D","ROS1",1,0,2637,47,0,36,1,"Mutually_Exclusive","KMT2D, ROS1","0/83"
"384","RB1","ROS1",1,0,2638,47,0,35,1,"Mutually_Exclusive","RB1, ROS1","0/82"
"385","POLK","ROS1",1,0,2641,47,0,32,1,"Mutually_Exclusive","POLK, ROS1","0/79"
"386","ATP7B","ROS1",1,0,2644,47,0,29,1,"Mutually_Exclusive","ATP7B, ROS1","0/76"
"387","MSH6","ROS1",1,0,2645,47,0,28,1,"Mutually_Exclusive","MSH6, ROS1","0/75"
"388","G6PD","ROS1",1,0,2646,47,0,27,1,"Mutually_Exclusive","G6PD, ROS1","0/74"
"389","IDH1","ROS1",1,0,2646,47,0,27,1,"Mutually_Exclusive","IDH1, ROS1","0/74"
"390","ATM","CFTR",1,0,2637,44,0,39,1,"Mutually_Exclusive","ATM, CFTR","0/83"
"391","KMT2D","CFTR",1,0,2640,44,0,36,1,"Mutually_Exclusive","CFTR, KMT2D","0/80"
"392","FBXW7","CFTR",1,0,2642,44,0,34,1,"Mutually_Exclusive","CFTR, FBXW7","0/78"
"393","POLK","CFTR",1,0,2644,44,0,32,1,"Mutually_Exclusive","CFTR, POLK","0/76"
"394","CTRC","CFTR",1,0,2650,44,0,26,1,"Mutually_Exclusive","CFTR, CTRC","0/70"
"395","NRAS","ERCC2",1,0,2636,44,0,40,1,"Mutually_Exclusive","ERCC2, NRAS","0/84"
"396","HRAS","ERCC2",1,0,2637,44,0,39,1,"Mutually_Exclusive","ERCC2, HRAS","0/83"
"397","KMT2D","ERCC2",1,0,2640,44,0,36,1,"Mutually_Exclusive","ERCC2, KMT2D","0/80"
"398","MAP3K1","ERCC2",1,0,2643,44,0,33,1,"Mutually_Exclusive","ERCC2, MAP3K1","0/77"
"399","MSH6","ERCC2",1,0,2648,44,0,28,1,"Mutually_Exclusive","ERCC2, MSH6","0/72"
"400","CTRC","ERCC2",1,0,2650,44,0,26,1,"Mutually_Exclusive","CTRC, ERCC2","0/70"
"401","NF1","BRCA2",1,0,2634,43,0,43,1,"Mutually_Exclusive","BRCA2, NF1","0/86"
"402","MAP3K1","BRCA2",1,0,2644,43,0,33,1,"Mutually_Exclusive","BRCA2, MAP3K1","0/76"
"403","POLK","BRCA2",1,0,2645,43,0,32,1,"Mutually_Exclusive","BRCA2, POLK","0/75"
"404","POLK","NF1",1,0,2645,43,0,32,1,"Mutually_Exclusive","NF1, POLK","0/75"
"405","G6PD","NF1",1,0,2650,43,0,27,1,"Mutually_Exclusive","G6PD, NF1","0/70"
"406","IDH1","NF1",1,0,2650,43,0,27,1,"Mutually_Exclusive","IDH1, NF1","0/70"
"407","KMT2D","NRAS",1,0,2644,40,0,36,1,"Mutually_Exclusive","KMT2D, NRAS","0/76"
"408","RB1","NRAS",1,0,2645,40,0,35,1,"Mutually_Exclusive","NRAS, RB1","0/75"
"409","CTRC","NRAS",1,0,2654,40,0,26,1,"Mutually_Exclusive","CTRC, NRAS","0/66"
"410","KMT2D","ATM",1,0,2645,39,0,36,1,"Mutually_Exclusive","ATM, KMT2D","0/75"
"411","FBXW7","ATM",1,0,2647,39,0,34,1,"Mutually_Exclusive","ATM, FBXW7","0/73"
"412","MAP3K1","ATM",1,0,2648,39,0,33,1,"Mutually_Exclusive","ATM, MAP3K1","0/72"
"413","IDH1","ATM",1,0,2654,39,0,27,1,"Mutually_Exclusive","ATM, IDH1","0/66"
"414","FBXW7","HRAS",1,0,2647,39,0,34,1,"Mutually_Exclusive","FBXW7, HRAS","0/73"
"415","MAP3K1","HRAS",1,0,2648,39,0,33,1,"Mutually_Exclusive","HRAS, MAP3K1","0/72"
"416","POLK","HRAS",1,0,2649,39,0,32,1,"Mutually_Exclusive","HRAS, POLK","0/71"
"417","G6PD","HRAS",1,0,2654,39,0,27,1,"Mutually_Exclusive","G6PD, HRAS","0/66"
"418","IDH1","HRAS",1,0,2654,39,0,27,1,"Mutually_Exclusive","HRAS, IDH1","0/66"
"419","CTRC","HRAS",1,0,2655,39,0,26,1,"Mutually_Exclusive","CTRC, HRAS","0/65"
"420","CTRC","KMT2D",1,0,2658,36,0,26,1,"Mutually_Exclusive","CTRC, KMT2D","0/62"
"421","FBXW7","RB1",1,0,2651,35,0,34,1,"Mutually_Exclusive","FBXW7, RB1","0/69"
"422","MAP3K1","RB1",1,0,2652,35,0,33,1,"Mutually_Exclusive","MAP3K1, RB1","0/68"
"423","POLK","RB1",1,0,2653,35,0,32,1,"Mutually_Exclusive","POLK, RB1","0/67"
"424","ATP7B","RB1",1,0,2656,35,0,29,1,"Mutually_Exclusive","ATP7B, RB1","0/64"
"425","MSH6","RB1",1,0,2657,35,0,28,1,"Mutually_Exclusive","MSH6, RB1","0/63"
"426","G6PD","RB1",1,0,2658,35,0,27,1,"Mutually_Exclusive","G6PD, RB1","0/62"
"427","IDH1","RB1",1,0,2658,35,0,27,1,"Mutually_Exclusive","IDH1, RB1","0/62"
"428","CTRC","RB1",1,0,2659,35,0,26,1,"Mutually_Exclusive","CTRC, RB1","0/61"
"429","MAP3K1","FBXW7",1,0,2653,34,0,33,1,"Mutually_Exclusive","FBXW7, MAP3K1","0/67"
"430","CTRC","FBXW7",1,0,2660,34,0,26,1,"Mutually_Exclusive","CTRC, FBXW7","0/60"
"431","MSH6","MAP3K1",1,0,2659,33,0,28,1,"Mutually_Exclusive","MAP3K1, MSH6","0/61"
"432","G6PD","MAP3K1",1,0,2660,33,0,27,1,"Mutually_Exclusive","G6PD, MAP3K1","0/60"
"433","G6PD","ATP7B",1,0,2664,29,0,27,1,"Mutually_Exclusive","ATP7B, G6PD","0/56"
"434","CTRC","ATP7B",1,0,2665,29,0,26,1,"Mutually_Exclusive","ATP7B, CTRC","0/55"
"435","IDH1","G6PD",1,0,2666,27,0,27,1,"Mutually_Exclusive","G6PD, IDH1","0/54"
